,position,year_drafted,counts,av_mean,draft_mean
0,B,1952,1,5.0,8.0
1,B,1980,1,0.0,95.0
2,C,1953,1,92.0,80.0
3,C,1954,3,19.333333333333332,11.0
4,C,1955,3,24.333333333333332,26.333333333333332
5,C,1956,2,40.5,31.0
6,C,1957,2,10.5,88.0
7,C,1959,1,39.0,74.0
8,C,1960,3,18.333333333333332,50.666666666666664
9,C,1961,5,44.2,78.0
10,C,1963,3,26.0,20.333333333333332
11,C,1964,6,41.666666666666664,67.0
12,C,1965,5,36.2,40.0
13,C,1966,2,25.0,64.0
14,C,1967,3,10.0,51.0
15,C,1968,4,57.5,73.0
16,C,1969,5,40.4,141.8
17,C,1970,8,32.5,139.25
18,C,1971,5,5.6,95.2
19,C,1972,4,52.75,99.5
20,C,1973,4,24.0,100.0
21,C,1974,4,33.75,94.25
22,C,1975,5,3.0,107.6
23,C,1976,5,49.0,107.6
24,C,1977,5,41.0,86.4
25,C,1978,6,31.833333333333332,108.83333333333333
26,C,1979,3,0.0,101.33333333333333
27,C,1980,8,26.25,121.5
28,C,1981,2,12.5,98.5
29,C,1982,4,21.5,120.25
30,C,1983,10,25.2,114.4
31,C,1984,5,38.8,148.0
32,C,1985,11,19.363636363636363,101.18181818181819
33,C,1986,8,6.5,135.0
34,C,1987,3,25.333333333333332,102.33333333333333
35,C,1988,4,37.25,105.5
36,C,1989,6,49.166666666666664,57.0
37,C,1990,6,36.0,122.66666666666667
38,C,1991,4,5.0,116.75
39,C,1992,5,20.4,98.2
40,C,1993,5,16.8,124.6
41,C,1994,4,82.5,98.75
42,C,1995,7,27.714285714285715,104.42857142857143
43,C,1996,9,23.555555555555557,133.11111111111111
44,C,1997,3,22.333333333333332,94.0
45,C,1998,11,34.09090909090909,147.63636363636363
46,C,1999,3,49.333333333333336,108.66666666666667
47,C,2000,2,38.5,144.0
48,C,2001,8,22.75,150.375
49,C,2002,6,15.0,147.66666666666666
50,C,2003,5,30.0,99.6
51,C,2004,6,24.5,142.5
52,C,2005,7,20.571428571428573,136.14285714285714
53,C,2006,3,35.333333333333336,98.0
54,C,2007,5,32.2,100.6
55,C,2008,7,22.0,152.57142857142858
56,C,2009,7,37.57142857142857,100.71428571428571
57,C,2010,7,21.285714285714285,154.28571428571428
58,C,2011,4,45.25,157.5
59,C,2012,5,13.8,137.4
60,C,2013,6,14.833333333333334,132.16666666666666
61,C,2014,8,23.5,139.625
62,C,2015,5,16.8,139.0
63,C,2016,6,19.0,120.83333333333333
64,C,2017,4,16.5,142.5
65,C,2018,9,11.444444444444445,104.0
66,CB,2010,1,0.0,223.0
67,CB,2011,5,38.4,77.0
68,CB,2012,28,14.107142857142858,131.67857142857142
69,CB,2013,27,19.74074074074074,102.88888888888889
70,CB,2014,33,11.93939393939394,131.8181818181818
71,CB,2015,26,12.384615384615385,114.03846153846153
72,CB,2016,31,12.451612903225806,116.38709677419355
73,CB,2017,27,10.444444444444445,104.70370370370371
74,CB,2018,26,5.6923076923076925,117.61538461538461
75,CB,2019,29,3.4482758620689653,129.82758620689654
76,CB,2020,25,2.28,112.8
77,DB,1950,1,0.0,103.0
78,DB,1952,3,27.0,21.333333333333332
79,DB,1953,5,10.0,65.8
80,DB,1954,5,16.6,73.8
81,DB,1955,8,17.5,45.125
82,DB,1956,8,19.375,57.125
83,DB,1957,8,11.75,50.625
84,DB,1958,13,33.30769230769231,54.30769230769231
85,DB,1959,10,42.4,50.1
86,DB,1960,12,42.666666666666664,48.333333333333336
87,DB,1961,17,31.0,68.11764705882354
88,DB,1962,9,15.555555555555555,55.55555555555556
89,DB,1963,15,26.4,54.06666666666667
90,DB,1964,13,31.76923076923077,60.61538461538461
91,DB,1965,16,21.875,80.875
92,DB,1966,12,15.5,64.0
93,DB,1967,28,30.178571428571427,110.28571428571429
94,DB,1968,21,20.61904761904762,120.0
95,DB,1969,24,23.333333333333332,106.20833333333333
96,DB,1970,25,31.84,112.08
97,DB,1971,31,23.806451612903224,97.16129032258064
98,DB,1972,26,24.5,101.38461538461539
99,DB,1973,25,23.4,119.0
100,DB,1974,16,19.3125,127.5625
101,DB,1975,27,31.62962962962963,105.4074074074074
102,DB,1976,33,23.454545454545453,134.63636363636363
103,DB,1977,26,23.0,121.92307692307692
104,DB,1978,26,21.384615384615383,105.88461538461539
105,DB,1979,26,13.76923076923077,133.80769230769232
106,DB,1980,30,26.433333333333334,99.4
107,DB,1981,33,28.03030303030303,102.21212121212122
108,DB,1982,30,12.2,125.46666666666667
109,DB,1983,39,34.15384615384615,110.28205128205128
110,DB,1984,35,20.314285714285713,105.91428571428571
111,DB,1985,36,11.277777777777779,102.16666666666667
112,DB,1986,37,18.43243243243243,140.8918918918919
113,DB,1987,36,20.63888888888889,122.36111111111111
114,DB,1988,38,25.842105263157894,109.86842105263158
115,DB,1989,39,24.0,123.94871794871794
116,DB,1990,31,17.838709677419356,111.93548387096774
117,DB,1991,38,23.473684210526315,112.10526315789474
118,DB,1992,43,22.162790697674417,112.86046511627907
119,DB,1993,39,22.102564102564102,109.6923076923077
120,DB,1994,31,16.870967741935484,102.3225806451613
121,DB,1995,39,17.153846153846153,121.76923076923077
122,DB,1996,40,20.5,114.3
123,DB,1997,45,19.155555555555555,110.42222222222222
124,DB,1998,38,23.394736842105264,96.28947368421052
125,DB,1999,38,17.973684210526315,110.47368421052632
126,DB,2000,48,13.833333333333334,119.0
127,DB,2001,45,15.2,117.91111111111111
128,DB,2002,49,17.040816326530614,117.42857142857143
129,DB,2003,46,23.41304347826087,122.78260869565217
130,DB,2004,45,13.688888888888888,113.22222222222223
131,DB,2005,45,18.488888888888887,105.11111111111111
132,DB,2006,40,22.3,110.75
133,DB,2007,46,21.304347826086957,128.5
134,DB,2008,42,19.785714285714285,111.38095238095238
135,DB,2009,52,18.173076923076923,127.59615384615384
136,DB,2010,44,19.90909090909091,114.95454545454545
137,DB,2011,42,10.5,140.23809523809524
138,DB,2012,5,11.8,169.8
139,DB,2013,1,14.0,243.0
140,DB,2015,2,1.0,250.0
141,DB,2016,1,0.0,173.0
142,DB,2017,1,27.0,90.0
143,DE,1951,1,8.0,18.0
144,DE,1952,4,27.25,30.75
145,DE,1953,3,40.333333333333336,45.666666666666664
146,DE,1955,2,29.0,26.5
147,DE,1956,6,37.5,55.666666666666664
148,DE,1957,3,48.0,30.333333333333332
149,DE,1958,4,40.5,40.75
150,DE,1959,9,13.333333333333334,61.55555555555556
151,DE,1960,7,37.0,37.285714285714285
152,DE,1961,5,66.8,51.6
153,DE,1962,6,42.5,77.33333333333333
154,DE,1963,6,31.833333333333332,61.0
155,DE,1964,4,68.0,25.25
156,DE,1965,8,17.5,54.0
157,DE,1966,9,23.444444444444443,71.44444444444444
158,DE,1967,16,11.6875,96.0625
159,DE,1968,12,25.5,103.0
160,DE,1969,13,26.692307692307693,108.07692307692308
161,DE,1970,14,26.857142857142858,112.92857142857143
162,DE,1971,19,33.10526315789474,101.47368421052632
163,DE,1972,13,20.76923076923077,87.3076923076923
164,DE,1973,13,29.615384615384617,82.76923076923077
165,DE,1974,11,22.0,62.63636363636363
166,DE,1975,9,37.111111111111114,59.888888888888886
167,DE,1976,11,27.818181818181817,118.81818181818181
168,DE,1977,11,24.818181818181817,71.36363636363636
169,DE,1978,14,37.0,70.85714285714286
170,DE,1979,20,24.8,91.25
171,DE,1980,17,22.764705882352942,75.23529411764706
172,DE,1981,19,20.842105263157894,111.3157894736842
173,DE,1982,20,13.85,116.45
174,DE,1983,13,34.76923076923077,108.0
175,DE,1984,16,18.9375,78.25
176,DE,1985,15,31.066666666666666,83.2
177,DE,1986,23,27.391304347826086,94.47826086956522
178,DE,1987,17,12.411764705882353,95.29411764705883
179,DE,1988,18,22.38888888888889,94.88888888888889
180,DE,1989,19,21.57894736842105,84.21052631578948
181,DE,1990,21,25.476190476190474,81.38095238095238
182,DE,1991,13,22.153846153846153,116.38461538461539
183,DE,1992,15,28.866666666666667,80.33333333333333
184,DE,1993,18,30.444444444444443,103.11111111111111
185,DE,1994,17,20.294117647058822,105.17647058823529
186,DE,1995,17,19.11764705882353,111.52941176470588
187,DE,1996,23,23.82608695652174,96.73913043478261
188,DE,1997,19,22.842105263157894,103.21052631578948
189,DE,1998,23,18.47826086956522,102.82608695652173
190,DE,1999,22,25.727272727272727,113.36363636363636
191,DE,2000,18,23.61111111111111,120.77777777777777
192,DE,2001,18,27.5,109.22222222222223
193,DE,2002,22,32.77272727272727,119.72727272727273
194,DE,2003,23,23.0,109.04347826086956
195,DE,2004,16,30.0,100.5625
196,DE,2005,20,22.7,139.9
197,DE,2006,22,30.954545454545453,118.72727272727273
198,DE,2007,17,16.294117647058822,86.23529411764706
199,DE,2008,19,17.894736842105264,101.57894736842105
200,DE,2009,17,16.88235294117647,87.47058823529412
201,DE,2010,22,23.181818181818183,130.86363636363637
202,DE,2011,6,47.0,55.166666666666664
203,DE,2012,22,21.545454545454547,105.27272727272727
204,DE,2013,28,9.142857142857142,134.75
205,DE,2014,24,11.0,133.33333333333334
206,DE,2015,17,18.0,103.94117647058823
207,DE,2016,18,13.222222222222221,93.22222222222223
208,DE,2017,21,9.428571428571429,104.47619047619048
209,DE,2018,21,5.428571428571429,124.66666666666667
210,DE,2019,4,3.25,168.75
211,DE,2020,1,2.0,177.0
212,DL,2011,23,14.695652173913043,119.82608695652173
213,DL,2017,1,0.0,181.0
214,DL,2019,23,5.6521739130434785,105.56521739130434
215,DL,2020,35,2.2285714285714286,119.0
216,DT,1947,1,17.0,50.0
217,DT,1950,3,23.0,23.333333333333332
218,DT,1951,4,24.75,19.75
219,DT,1952,5,22.0,47.4
220,DT,1953,3,39.0,69.66666666666667
221,DT,1954,3,15.0,73.66666666666667
222,DT,1955,2,32.0,66.0
223,DT,1956,2,22.5,21.5
224,DT,1957,8,37.625,44.0
225,DT,1958,7,39.714285714285715,48.57142857142857
226,DT,1959,6,17.333333333333332,53.333333333333336
227,DT,1960,6,27.5,53.833333333333336
228,DT,1961,10,39.7,56.2
229,DT,1962,12,32.833333333333336,48.166666666666664
230,DT,1963,10,30.1,53.1
231,DT,1964,8,22.75,50.625
232,DT,1965,7,20.142857142857142,42.57142857142857
233,DT,1966,12,19.416666666666668,50.666666666666664
234,DT,1967,8,44.125,89.5
235,DT,1968,12,17.5,76.58333333333333
236,DT,1969,10,27.5,82.6
237,DT,1970,14,27.5,49.57142857142857
238,DT,1971,4,19.25,121.5
239,DT,1972,12,24.583333333333332,71.66666666666667
240,DT,1973,14,25.857142857142858,88.07142857142857
241,DT,1974,15,15.933333333333334,110.33333333333333
242,DT,1975,11,38.36363636363637,66.54545454545455
243,DT,1976,13,14.923076923076923,79.53846153846153
244,DT,1977,9,18.333333333333332,57.888888888888886
245,DT,1978,10,7.1,110.2
246,DT,1979,5,11.2,109.0
247,DT,1980,4,25.75,131.75
248,DT,1981,3,21.0,146.66666666666666
249,DT,1982,1,31.0,38.0
250,DT,1983,6,16.0,91.83333333333333
251,DT,1984,2,30.0,88.0
252,DT,1985,6,34.666666666666664,85.66666666666667
253,DT,1986,2,30.0,38.0
254,DT,1987,14,24.642857142857142,120.42857142857143
255,DT,1988,7,21.285714285714285,104.28571428571429
256,DT,1989,4,14.25,113.75
257,DT,1990,9,21.666666666666668,73.55555555555556
258,DT,1991,18,26.555555555555557,87.88888888888889
259,DT,1992,13,36.15384615384615,67.3076923076923
260,DT,1993,10,24.7,105.9
261,DT,1994,16,30.3125,76.5
262,DT,1995,16,31.125,140.6875
263,DT,1996,14,20.642857142857142,134.92857142857142
264,DT,1997,16,24.25,137.625
265,DT,1998,9,10.222222222222221,145.11111111111111
266,DT,1999,18,14.0,127.05555555555556
267,DT,2000,19,21.473684210526315,121.73684210526316
268,DT,2001,23,20.956521739130434,132.56521739130434
269,DT,2002,13,21.0,103.6923076923077
270,DT,2003,21,16.428571428571427,120.9047619047619
271,DT,2004,19,19.36842105263158,114.3157894736842
272,DT,2005,15,13.733333333333333,150.06666666666666
273,DT,2006,22,19.681818181818183,145.22727272727272
274,DT,2007,19,16.105263157894736,106.15789473684211
275,DT,2008,18,13.333333333333334,111.88888888888889
276,DT,2009,19,16.736842105263158,107.89473684210526
277,DT,2010,20,30.7,90.2
278,DT,2011,10,32.4,100.8
279,DT,2012,21,20.80952380952381,118.42857142857143
280,DT,2013,18,21.166666666666668,107.77777777777777
281,DT,2014,19,16.0,114.3157894736842
282,DT,2015,19,17.05263157894737,124.63157894736842
283,DT,2016,22,18.5,78.77272727272727
284,DT,2017,20,8.85,143.1
285,DT,2018,20,8.55,109.35
286,DT,2019,1,4.0,84.0
287,DT,2020,1,4.0,184.0
288,E,1951,2,12.5,28.0
289,E,1952,2,12.0,18.0
290,E,1954,3,22.0,24.333333333333332
291,E,1955,4,6.5,13.25
292,E,1956,5,22.4,31.6
293,E,1957,7,32.714285714285715,46.857142857142854
294,E,1958,5,24.4,43.2
295,E,1959,3,9.666666666666666,30.666666666666668
296,E,1960,1,37.0,56.0
297,E,1961,3,0.6666666666666666,88.0
298,E,1962,1,0.0,34.0
299,E,1963,1,2.0,84.0
300,E,1967,1,0.0,80.0
301,E,1998,1,2.0,166.0
302,EDGE,2019,16,5.625,91.6875
303,FB,1951,1,2.0,27.0
304,FB,1953,2,23.5,11.0
305,FB,1954,1,19.0,18.0
306,FB,1955,3,6.333333333333333,28.333333333333332
307,FB,1956,2,10.5,40.5
308,FB,1957,5,34.0,31.8
309,FB,1958,5,21.8,35.2
310,FB,1959,6,15.333333333333334,44.5
311,FB,1960,5,27.0,66.2
312,FB,1961,6,9.666666666666666,54.833333333333336
313,FB,1962,7,10.142857142857142,45.285714285714285
314,FB,1963,3,1.6666666666666667,84.33333333333333
315,FB,1964,4,0.5,99.5
316,FB,1965,1,14.0,11.0
317,FB,1966,2,0.0,45.5
318,FB,1977,1,18.0,66.0
319,FB,1979,1,2.0,107.0
320,FB,1983,1,42.0,13.0
321,FB,1985,1,1.0,197.0
322,FB,1986,1,66.0,15.0
323,FB,1988,1,8.0,139.0
324,FB,1990,3,20.0,96.0
325,FB,1991,2,3.5,54.0
326,FB,1992,3,10.333333333333334,131.66666666666666
327,FB,1993,2,21.5,116.5
328,FB,1994,2,12.5,47.0
329,FB,1995,4,13.75,136.25
330,FB,1996,2,30.5,76.5
331,FB,1997,3,10.666666666666666,156.66666666666666
332,FB,1998,4,6.0,152.0
333,FB,1999,8,3.75,146.75
334,FB,2000,3,4.0,150.66666666666666
335,FB,2001,3,4.333333333333333,123.66666666666667
336,FB,2002,4,2.5,157.25
337,FB,2003,10,4.5,154.8
338,FB,2004,3,2.0,186.33333333333334
339,FB,2005,3,0.6666666666666666,210.33333333333334
340,FB,2006,3,3.6666666666666665,128.66666666666666
341,FB,2007,2,0.5,185.0
342,FB,2008,1,3.0,183.0
343,FB,2010,2,0.0,226.0
344,FB,2011,1,7.0,211.0
345,FB,2012,2,4.5,142.5
346,FB,2013,2,8.5,172.5
347,FB,2014,2,0.0,228.0
348,FB,2015,5,0.4,181.6
349,FB,2016,3,1.3333333333333333,190.33333333333334
350,FB,2017,2,0.0,216.0
351,FL,1957,1,62.0,31.0
352,FL,1958,2,69.5,71.0
353,FL,1959,1,76.0,25.0
354,FL,1960,1,7.0,30.0
355,FL,1962,4,57.5,45.75
356,FL,1963,1,37.0,89.0
357,FL,1964,3,21.0,73.66666666666667
358,FL,1967,1,3.0,72.0
359,FL,1968,3,3.6666666666666665,117.66666666666667
360,FS,2011,2,13.0,89.5
361,FS,2012,7,16.857142857142858,122.71428571428571
362,FS,2013,10,20.4,117.1
363,FS,2014,11,9.818181818181818,146.45454545454547
364,FS,2015,4,16.5,154.25
365,FS,2016,9,11.777777777777779,118.55555555555556
366,FS,2017,8,16.5,102.75
367,FS,2018,5,17.6,84.2
368,G,1950,2,9.5,57.0
369,G,1951,1,39.0,61.0
370,G,1952,1,8.0,66.0
371,G,1953,2,29.0,34.0
372,G,1954,2,35.5,85.5
373,G,1955,2,10.5,21.0
374,G,1956,5,16.2,56.2
375,G,1957,6,47.5,54.833333333333336
376,G,1958,6,35.5,58.666666666666664
377,G,1959,7,20.857142857142858,58.142857142857146
378,G,1960,7,25.571428571428573,29.857142857142858
379,G,1961,5,24.2,54.8
380,G,1962,13,28.76923076923077,64.38461538461539
381,G,1963,9,39.55555555555556,69.44444444444444
382,G,1964,7,30.285714285714285,71.14285714285714
383,G,1965,6,25.0,73.0
384,G,1966,8,49.75,28.125
385,G,1967,11,25.636363636363637,108.63636363636364
386,G,1968,14,19.142857142857142,108.28571428571429
387,G,1969,13,30.307692307692307,91.0
388,G,1970,10,27.0,96.4
389,G,1971,12,20.25,105.58333333333333
390,G,1972,11,21.363636363636363,112.63636363636364
391,G,1973,10,40.9,74.0
392,G,1974,10,24.6,72.2
393,G,1975,11,18.727272727272727,71.27272727272727
394,G,1976,19,25.42105263157895,89.63157894736842
395,G,1977,13,30.46153846153846,93.38461538461539
396,G,1978,9,15.333333333333334,115.44444444444444
397,G,1979,14,23.214285714285715,88.85714285714286
398,G,1980,12,25.166666666666668,95.0
399,G,1981,17,27.352941176470587,112.23529411764706
400,G,1982,13,31.76923076923077,95.76923076923077
401,G,1983,8,35.875,132.875
402,G,1984,13,29.384615384615383,137.84615384615384
403,G,1985,12,20.833333333333332,102.33333333333333
404,G,1986,12,29.0,88.25
405,G,1987,11,14.909090909090908,114.72727272727273
406,G,1988,12,36.833333333333336,106.83333333333333
407,G,1989,13,20.307692307692307,107.15384615384616
408,G,1990,17,28.235294117647058,134.05882352941177
409,G,1991,12,16.583333333333332,94.58333333333333
410,G,1992,9,18.22222222222222,167.66666666666666
411,G,1993,18,34.666666666666664,105.88888888888889
412,G,1994,10,31.3,88.1
413,G,1995,14,26.928571428571427,110.14285714285714
414,G,1996,13,22.46153846153846,141.6153846153846
415,G,1997,15,19.266666666666666,109.6
416,G,1998,11,30.09090909090909,122.27272727272727
417,G,1999,18,17.11111111111111,121.05555555555556
418,G,2000,10,22.2,115.9
419,G,2001,10,29.4,147.2
420,G,2002,12,27.416666666666668,123.41666666666667
421,G,2003,17,20.0,150.0
422,G,2004,12,31.333333333333332,136.08333333333334
423,G,2005,16,24.625,130.875
424,G,2006,18,29.444444444444443,141.72222222222223
425,G,2007,11,29.545454545454547,119.27272727272727
426,G,2008,11,28.363636363636363,137.54545454545453
427,G,2009,12,20.916666666666668,149.83333333333334
428,G,2010,14,19.642857142857142,118.14285714285714
429,G,2011,3,13.333333333333334,104.66666666666667
430,G,2012,13,22.23076923076923,126.76923076923077
431,G,2013,3,0.0,180.66666666666666
432,G,2014,2,65.5,25.5
433,G,2015,2,46.0,68.0
434,G,2018,1,0.0,213.0
435,G,2019,2,5.5,173.5
436,HB,1950,1,4.0,13.0
437,HB,1951,1,0.0,81.0
438,HB,1952,3,24.0,22.666666666666668
439,HB,1953,3,4.0,42.666666666666664
440,HB,1954,1,2.0,56.0
441,HB,1955,2,3.0,21.0
442,HB,1956,8,19.5,32.5
443,HB,1957,8,17.875,21.75
444,HB,1958,7,20.571428571428573,34.42857142857143
445,HB,1959,6,21.5,45.0
446,HB,1960,13,15.846153846153847,49.46153846153846
447,HB,1961,6,11.666666666666666,47.333333333333336
448,HB,1962,5,5.2,60.8
449,HB,1963,3,8.666666666666666,53.666666666666664
450,HB,1964,5,4.4,70.8
451,HB,1965,5,0.6,69.8
452,HB,1966,1,0.0,129.0
453,ILB,2012,10,32.7,112.0
454,ILB,2013,9,16.88888888888889,143.77777777777777
455,ILB,2014,10,18.7,139.6
456,ILB,2015,11,17.636363636363637,124.63636363636364
457,ILB,2016,11,13.636363636363637,164.36363636363637
458,ILB,2017,10,10.1,119.2
459,ILB,2018,10,12.2,118.3
460,K,1961,2,23.5,109.5
461,K,1962,1,51.0,88.0
462,K,1966,1,12.0,56.0
463,K,1967,3,19.666666666666668,115.66666666666667
464,K,1968,2,4.0,60.0
465,K,1969,2,13.5,112.0
466,K,1970,2,8.0,115.5
467,K,1972,3,9.0,72.33333333333333
468,K,1974,2,12.0,179.0
469,K,1975,1,5.0,72.0
470,K,1976,3,12.333333333333334,96.33333333333333
471,K,1977,3,4.666666666666667,151.66666666666666
472,K,1978,4,12.75,125.75
473,K,1979,3,24.0,142.66666666666666
474,K,1980,1,44.0,166.0
475,K,1981,2,1.5,162.0
476,K,1982,2,51.0,128.5
477,K,1983,2,7.0,162.0
478,K,1985,2,25.0,150.0
479,K,1986,2,2.5,66.0
480,K,1987,3,15.666666666666666,172.33333333333334
481,K,1988,2,9.5,77.5
482,K,1989,2,28.5,172.5
483,K,1991,1,41.0,98.0
484,K,1992,1,48.0,56.0
485,K,1993,4,22.0,140.5
486,K,1994,1,28.0,85.0
487,K,1995,1,4.0,247.0
488,K,1997,1,7.0,90.0
489,K,1999,3,14.666666666666666,163.0
490,K,2000,3,29.0,120.0
491,K,2001,1,7.0,98.0
492,K,2002,2,0.5,174.5
493,K,2003,1,34.0,222.0
494,K,2004,2,23.5,101.0
495,K,2005,3,9.0,162.66666666666666
496,K,2006,1,37.0,118.0
497,K,2007,3,19.333333333333332,177.0
498,K,2008,2,0.0,206.5
499,K,2009,2,14.5,214.0
500,K,2011,1,8.0,120.0
501,K,2012,4,13.0,189.5
502,K,2013,2,12.0,171.5
503,K,2014,1,0.0,228.0
504,K,2016,1,0.0,59.0
505,K,2017,3,11.333333333333334,203.33333333333334
506,K,2018,2,10.0,198.0
507,K,2019,2,3.5,157.5
508,K,2020,2,1.5,218.0
509,LB,1949,1,29.0,1.0
510,LB,1950,1,5.0,76.0
511,LB,1951,2,39.0,54.5
512,LB,1952,3,32.666666666666664,35.666666666666664
513,LB,1953,3,43.333333333333336,48.666666666666664
514,LB,1954,1,17.0,39.0
515,LB,1955,7,27.0,36.57142857142857
516,LB,1956,4,36.5,37.0
517,LB,1957,6,36.333333333333336,52.0
518,LB,1958,8,50.625,51.75
519,LB,1959,3,36.333333333333336,46.333333333333336
520,LB,1960,5,36.4,59.0
521,LB,1961,6,46.666666666666664,31.0
522,LB,1962,7,22.857142857142858,42.142857142857146
523,LB,1963,8,58.5,57.125
524,LB,1964,5,59.4,41.6
525,LB,1965,10,29.8,61.9
526,LB,1966,8,26.125,67.875
527,LB,1967,17,29.529411764705884,86.47058823529412
528,LB,1968,18,21.88888888888889,101.88888888888889
529,LB,1969,15,27.666666666666668,119.6
530,LB,1970,16,28.9375,99.625
531,LB,1971,12,35.666666666666664,95.0
532,LB,1972,14,22.071428571428573,91.64285714285714
533,LB,1973,20,27.15,114.95
534,LB,1974,16,36.125,85.5625
535,LB,1975,19,27.842105263157894,95.15789473684211
536,LB,1976,19,30.842105263157894,96.84210526315789
537,LB,1977,18,24.5,102.61111111111111
538,LB,1978,24,20.5,120.0
539,LB,1979,29,17.96551724137931,121.24137931034483
540,LB,1980,19,25.68421052631579,99.52631578947368
541,LB,1981,16,39.75,98.0625
542,LB,1982,25,21.44,111.04
543,LB,1983,22,21.136363636363637,103.0909090909091
544,LB,1984,26,21.653846153846153,114.11538461538461
545,LB,1985,27,16.296296296296298,121.55555555555556
546,LB,1986,25,20.92,126.12
547,LB,1987,27,24.88888888888889,134.66666666666666
548,LB,1988,19,29.42105263157895,123.78947368421052
549,LB,1989,17,16.764705882352942,109.52941176470588
550,LB,1990,18,25.166666666666668,107.83333333333333
551,LB,1991,15,29.6,101.93333333333334
552,LB,1992,20,19.65,118.35
553,LB,1993,29,21.82758620689655,112.41379310344827
554,LB,1994,16,24.8125,123.125
555,LB,1995,23,15.956521739130435,129.08695652173913
556,LB,1996,21,36.42857142857143,115.80952380952381
557,LB,1997,28,21.571428571428573,114.82142857142857
558,LB,1998,23,23.347826086956523,115.82608695652173
559,LB,1999,20,23.85,134.55
560,LB,2000,20,38.3,106.8
561,LB,2001,15,12.133333333333333,121.46666666666667
562,LB,2002,18,24.38888888888889,131.5
563,LB,2003,25,25.36,116.08
564,LB,2004,22,17.772727272727273,118.36363636363636
565,LB,2005,22,22.954545454545453,91.54545454545455
566,LB,2006,21,20.333333333333332,111.85714285714286
567,LB,2007,22,20.0,128.45454545454547
568,LB,2008,19,12.736842105263158,125.3157894736842
569,LB,2009,22,13.227272727272727,114.5909090909091
570,LB,2010,32,9.8125,137.1875
571,LB,2011,9,3.0,179.44444444444446
572,LB,2012,2,26.5,81.0
573,LB,2016,1,1.0,239.0
574,LB,2018,12,8.25,180.25
575,LB,2019,23,6.304347826086956,140.34782608695653
576,LB,2020,30,2.3,128.23333333333332
577,LG,2011,2,48.0,36.5
578,LILB,1973,1,48.0,192.0
579,LILB,1975,1,31.0,29.0
580,LILB,1976,2,10.0,209.0
581,LILB,1977,1,15.0,17.0
582,LILB,1980,2,13.5,129.0
583,LILB,1981,2,26.0,176.5
584,LILB,1983,2,10.5,83.5
585,LILB,1984,5,19.6,108.2
586,LILB,1986,1,6.0,217.0
587,LILB,1988,1,15.0,152.0
588,LILB,1989,2,14.5,91.5
589,LILB,1990,2,13.5,85.5
590,LILB,1993,1,17.0,218.0
591,LILB,1994,1,11.0,81.0
592,LILB,1996,1,7.0,178.0
593,LILB,1997,1,6.0,166.0
594,LILB,1999,3,22.666666666666668,122.66666666666667
595,LILB,2004,1,34.0,101.0
596,LILB,2007,1,12.0,240.0
597,LILB,2010,1,6.0,166.0
598,LILB,2012,1,12.0,86.0
599,LILB,2013,1,32.0,50.0
600,LLB,1957,1,6.0,64.0
601,LLB,1958,1,14.0,68.0
602,LLB,1959,2,34.5,20.0
603,LLB,1960,2,15.0,80.5
604,LLB,1963,2,22.5,47.0
605,LLB,1964,3,24.0,65.66666666666667
606,LLB,1967,1,32.0,126.0
607,LLB,1968,3,15.0,71.66666666666667
608,LLB,1972,1,7.0,119.0
609,LLB,1973,2,45.0,89.0
610,LLB,1974,1,9.0,58.0
611,LLB,1975,3,21.0,127.66666666666667
612,LLB,1976,3,21.333333333333332,157.66666666666666
613,LLB,1977,2,20.5,162.0
614,LLB,1983,1,8.0,211.0
615,LLB,1984,1,32.0,44.0
616,LLB,1986,1,13.0,113.0
617,LLB,1987,3,15.0,69.66666666666667
618,LLB,1988,1,13.0,77.0
619,LLB,1989,2,10.0,118.5
620,LLB,1990,4,24.5,73.5
621,LLB,1991,1,10.0,53.0
622,LLB,1992,3,27.666666666666668,98.0
623,LLB,1993,3,16.333333333333332,57.333333333333336
624,LLB,1994,1,8.0,52.0
625,LLB,1996,1,10.0,50.0
626,LLB,1997,2,22.0,54.0
627,LOLB,1971,1,17.0,40.0
628,LOLB,1974,1,28.0,111.0
629,LOLB,1975,1,11.0,214.0
630,LOLB,1976,1,12.0,245.0
631,LOLB,1977,1,20.0,139.0
632,LOLB,1978,1,21.0,126.0
633,LOLB,1980,1,15.0,243.0
634,LOLB,1981,3,13.333333333333334,148.33333333333334
635,LOLB,1982,1,23.0,46.0
636,LOLB,1983,1,14.0,205.0
637,LOLB,1984,1,13.0,24.0
638,LOLB,1985,1,15.0,25.0
639,LOLB,1986,4,29.0,68.75
640,LOLB,1987,5,17.8,79.2
641,LOLB,1988,1,25.0,1.0
642,LOLB,1989,2,18.5,140.5
643,LOLB,1992,1,15.0,116.0
644,LOLB,1995,1,14.0,118.0
645,LOLB,1996,1,8.0,74.0
646,LOLB,1997,1,18.0,194.0
647,LOLB,1998,2,26.0,101.5
648,LOLB,2000,2,25.5,160.5
649,LOLB,2001,1,26.0,102.0
650,LOLB,2003,1,22.0,239.0
651,LOLB,2004,2,9.5,123.0
652,LOLB,2005,2,61.5,28.5
653,LOLB,2008,2,19.5,148.0
654,LOLB,2010,1,22.0,178.0
655,LOLB,2011,2,63.5,43.0
656,LS,1998,1,8.0,189.0
657,LS,2015,1,0.0,166.0
658,LS,2017,1,0.0,213.0
659,LS,2018,1,0.0,239.0
660,LS,2019,1,0.0,250.0
661,LS,2020,1,0.0,185.0
662,LT,2008,1,93.0,26.0
663,LT,2011,1,65.0,22.0
664,LT,2014,1,40.0,246.0
665,MLB,1959,2,22.0,34.5
666,MLB,1962,2,20.0,66.5
667,MLB,1963,1,12.0,69.0
668,MLB,1965,5,21.0,45.0
669,MLB,1967,4,29.25,70.75
670,MLB,1969,1,16.0,86.0
671,MLB,1970,1,12.0,115.0
672,MLB,1971,4,9.75,139.0
673,MLB,1972,1,30.0,83.0
674,MLB,1973,1,32.0,71.0
675,MLB,1974,1,35.0,8.0
676,MLB,1975,1,13.0,100.0
677,MLB,1978,3,15.666666666666666,92.33333333333333
678,MLB,1979,3,11.333333333333334,97.33333333333333
679,MLB,1981,2,18.0,142.5
680,MLB,1984,1,26.0,201.0
681,MLB,1987,1,21.0,108.0
682,MLB,1988,1,22.0,51.0
683,MLB,1989,1,15.0,81.0
684,MLB,1991,3,8.0,187.0
685,MLB,1992,1,26.0,154.0
686,MLB,1993,2,27.0,143.5
687,MLB,1994,6,12.5,175.66666666666666
688,MLB,1996,2,7.0,176.5
689,MLB,1997,2,12.0,85.5
690,MLB,1998,2,20.5,132.5
691,MLB,1999,7,7.428571428571429,137.28571428571428
692,MLB,2000,6,14.5,155.5
693,MLB,2001,7,10.857142857142858,136.42857142857142
694,MLB,2002,3,17.0,110.0
695,MLB,2003,3,21.0,147.33333333333334
696,MLB,2004,7,10.857142857142858,107.71428571428571
697,MLB,2005,4,2.75,186.25
698,MLB,2006,8,19.25,108.75
699,MLB,2007,8,17.5,145.75
700,MLB,2008,7,8.428571428571429,155.28571428571428
701,MLB,2009,3,26.666666666666668,152.0
702,MLB,2010,5,37.8,95.4
703,MLB,2011,13,20.76923076923077,117.53846153846153
704,MLB,2017,1,23.0,161.0
705,MLB,2018,2,9.0,159.5
706,NT,1973,1,8.0,149.0
707,NT,1975,3,35.666666666666664,81.0
708,NT,1976,1,50.0,159.0
709,NT,1977,3,50.666666666666664,152.66666666666666
710,NT,1978,3,11.333333333333334,103.33333333333333
711,NT,1979,8,33.625,71.75
712,NT,1980,8,2.25,101.5
713,NT,1981,8,12.625,118.0
714,NT,1982,7,14.285714285714286,98.28571428571429
715,NT,1983,8,11.625,104.5
716,NT,1984,15,14.0,122.93333333333334
717,NT,1985,2,0.5,180.0
718,NT,1986,7,24.285714285714285,76.28571428571429
719,NT,1987,7,12.714285714285714,164.57142857142858
720,NT,1988,4,19.75,121.0
721,NT,1989,3,11.333333333333334,93.66666666666667
722,NT,1990,6,4.333333333333333,147.83333333333334
723,NT,1991,3,47.666666666666664,95.33333333333333
724,NT,1992,4,17.75,105.5
725,NT,1994,1,3.0,37.0
726,NT,1999,1,66.0,173.0
727,NT,2001,1,73.0,19.0
728,NT,2004,1,89.0,21.0
729,NT,2006,1,14.0,153.0
730,NT,2008,1,46.0,190.0
731,NT,2011,1,2.0,253.0
732,NT,2015,2,7.5,187.0
733,OG,2012,1,0.0,200.0
734,OG,2013,11,21.181818181818183,104.0909090909091
735,OG,2014,14,19.928571428571427,118.92857142857143
736,OG,2015,11,18.636363636363637,127.81818181818181
737,OG,2016,14,14.071428571428571,129.28571428571428
738,OG,2017,8,8.875,118.5
739,OG,2018,5,21.2,85.2
740,OL,2011,18,11.944444444444445,127.55555555555556
741,OL,2017,1,0.0,217.0
742,OL,2019,28,7.035714285714286,99.03571428571429
743,OL,2020,38,2.8421052631578947,110.6842105263158
744,OLB,2011,5,22.2,135.2
745,OLB,2012,17,25.0,133.2941176470588
746,OLB,2013,18,11.5,109.22222222222223
747,OLB,2014,23,15.26086956521739,144.47826086956522
748,OLB,2015,21,12.142857142857142,111.57142857142857
749,OLB,2016,21,15.80952380952381,114.33333333333333
750,OLB,2017,17,11.823529411764707,107.17647058823529
751,OLB,2018,12,10.166666666666666,101.58333333333333
752,OT,2011,3,31.333333333333332,89.66666666666667
753,OT,2012,9,17.11111111111111,94.33333333333333
754,OT,2013,16,30.875,97.375
755,OT,2014,19,23.31578947368421,110.63157894736842
756,OT,2015,21,19.38095238095238,97.52380952380952
757,OT,2016,19,16.68421052631579,104.6842105263158
758,OT,2017,12,14.0,129.83333333333334
759,OT,2018,19,10.052631578947368,107.89473684210526
760,OT,2019,5,4.8,153.2
761,OT,2020,1,0.0,226.0
762,P,1956,1,38.0,57.0
763,P,1959,1,30.0,102.0
764,P,1965,1,6.0,62.0
765,P,1967,1,13.0,81.0
766,P,1968,1,21.0,117.0
767,P,1970,3,10.666666666666666,183.33333333333334
768,P,1971,1,1.0,205.0
769,P,1972,2,13.0,139.0
770,P,1973,1,32.0,23.0
771,P,1974,2,8.0,164.0
772,P,1975,2,7.0,161.0
773,P,1976,1,3.0,89.0
774,P,1977,5,8.0,132.4
775,P,1978,2,10.5,57.5
776,P,1979,5,8.4,144.8
777,P,1980,1,5.0,65.0
778,P,1981,2,8.0,98.0
779,P,1982,5,13.8,181.4
780,P,1983,3,19.0,155.66666666666666
781,P,1984,2,22.0,182.5
782,P,1985,4,17.0,131.25
783,P,1986,4,8.0,197.25
784,P,1987,3,3.6666666666666665,132.0
785,P,1988,2,12.0,87.0
786,P,1989,1,19.0,146.0
787,P,1990,1,0.0,154.0
788,P,1991,1,28.0,78.0
789,P,1993,2,14.5,133.5
790,P,1994,2,11.5,164.0
791,P,1995,1,25.0,56.0
792,P,1997,1,21.0,95.0
793,P,1999,4,10.25,196.75
794,P,2000,1,44.0,142.0
795,P,2001,1,18.0,120.0
796,P,2002,3,6.0,138.33333333333334
797,P,2003,2,12.0,164.5
798,P,2004,3,20.333333333333332,166.33333333333334
799,P,2005,2,14.5,154.5
800,P,2006,2,15.0,221.0
801,P,2007,3,12.0,146.0
802,P,2008,1,0.0,168.0
803,P,2009,3,21.333333333333332,176.0
804,P,2010,2,4.0,185.5
805,P,2011,1,14.0,192.0
806,P,2012,2,14.5,138.5
807,P,2013,2,11.0,160.0
808,P,2014,1,12.0,191.0
809,P,2015,1,9.0,165.0
810,P,2016,3,7.666666666666667,214.0
811,P,2018,4,5.75,185.25
812,P,2019,2,4.5,136.5
813,P,2020,2,1.5,209.5
814,PR,2006,1,49.0,57.0
815,QB,1948,2,32.0,4.5
816,QB,1949,2,17.5,23.0
817,QB,1950,1,16.0,17.0
818,QB,1952,6,28.5,38.666666666666664
819,QB,1953,2,25.5,20.5
820,QB,1954,3,17.0,31.0
821,QB,1955,3,45.666666666666664,35.666666666666664
822,QB,1956,2,40.0,16.5
823,QB,1957,4,91.5,17.0
824,QB,1958,3,41.333333333333336,35.0
825,QB,1959,4,2.25,7.75
826,QB,1960,8,23.625,39.75
827,QB,1961,4,78.0,37.0
828,QB,1962,5,42.4,24.4
829,QB,1963,3,8.333333333333334,52.333333333333336
830,QB,1964,8,17.625,54.0
831,QB,1965,7,28.428571428571427,37.0
832,QB,1966,4,8.0,62.75
833,QB,1967,6,31.5,52.166666666666664
834,QB,1968,9,24.333333333333332,94.33333333333333
835,QB,1969,6,20.833333333333332,54.833333333333336
836,QB,1970,6,31.666666666666668,68.16666666666667
837,QB,1971,8,64.25,53.375
838,QB,1972,4,5.25,61.0
839,QB,1973,9,45.333333333333336,70.44444444444444
840,QB,1974,8,14.125,82.125
841,QB,1975,6,37.166666666666664,119.33333333333333
842,QB,1976,8,10.5,100.75
843,QB,1977,12,15.5,123.83333333333333
844,QB,1978,8,10.375,86.875
845,QB,1979,10,29.0,109.2
846,QB,1980,11,19.0,122.0909090909091
847,QB,1981,6,22.666666666666668,107.33333333333333
848,QB,1982,8,12.75,92.375
849,QB,1983,10,52.0,75.2
850,QB,1984,11,24.636363636363637,120.0909090909091
851,QB,1985,4,39.75,94.75
852,QB,1986,9,26.22222222222222,85.44444444444444
853,QB,1987,11,37.90909090909091,89.81818181818181
854,QB,1988,5,32.2,126.8
855,QB,1989,8,22.25,78.0
856,QB,1990,11,19.545454545454547,81.0909090909091
857,QB,1991,9,22.77777777777778,79.66666666666667
858,QB,1992,12,18.583333333333332,134.0
859,QB,1993,8,48.125,128.5
860,QB,1994,9,15.555555555555555,135.11111111111111
861,QB,1995,10,28.7,82.6
862,QB,1996,4,15.0,89.25
863,QB,1997,9,10.11111111111111,142.66666666666666
864,QB,1998,7,51.0,94.14285714285714
865,QB,1999,12,26.416666666666668,91.58333333333333
866,QB,2000,10,31.5,166.8
867,QB,2001,9,34.666666666666664,87.66666666666667
868,QB,2002,10,19.8,98.7
869,QB,2003,13,16.23076923076923,121.0
870,QB,2004,12,41.583333333333336,122.41666666666667
871,QB,2005,10,50.2,113.0
872,QB,2006,10,17.9,83.8
873,QB,2007,10,6.7,98.1
874,QB,2008,8,34.5,94.125
875,QB,2009,7,25.428571428571427,99.28571428571429
876,QB,2010,11,7.181818181818182,124.0
877,QB,2011,11,31.818181818181817,77.36363636363636
878,QB,2012,10,43.6,85.1
879,QB,2013,10,4.7,139.2
880,QB,2014,13,15.076923076923077,115.84615384615384
881,QB,2015,7,17.428571428571427,95.28571428571429
882,QB,2016,13,14.76923076923077,118.07692307692308
883,QB,2017,8,19.25,92.375
884,QB,2018,9,15.333333333333334,76.11111111111111
885,QB,2019,10,8.0,94.2
886,QB,2020,7,4.571428571428571,103.57142857142857
887,RB,1952,1,17.0,3.0
888,RB,1957,1,20.0,77.0
889,RB,1961,5,52.0,31.6
890,RB,1962,2,34.0,39.5
891,RB,1963,5,28.4,90.4
892,RB,1964,8,30.0,48.75
893,RB,1965,13,30.692307692307693,35.92307692307692
894,RB,1966,18,17.11111111111111,68.33333333333333
895,RB,1967,23,13.91304347826087,81.73913043478261
896,RB,1968,24,19.916666666666668,98.5
897,RB,1969,26,25.384615384615383,92.92307692307692
898,RB,1970,22,13.863636363636363,94.86363636363636
899,RB,1971,23,17.73913043478261,74.73913043478261
900,RB,1972,21,21.428571428571427,91.47619047619048
901,RB,1973,17,24.294117647058822,76.76470588235294
902,RB,1974,31,16.838709677419356,106.58064516129032
903,RB,1975,26,15.038461538461538,109.57692307692308
904,RB,1976,28,18.464285714285715,108.60714285714286
905,RB,1977,33,19.606060606060606,108.51515151515152
906,RB,1978,22,9.363636363636363,109.63636363636364
907,RB,1979,31,16.64516129032258,93.48387096774194
908,RB,1980,23,17.08695652173913,96.73913043478261
909,RB,1981,24,21.333333333333332,90.125
910,RB,1982,30,15.533333333333333,99.06666666666666
911,RB,1983,22,23.045454545454547,126.04545454545455
912,RB,1984,26,7.923076923076923,123.73076923076923
913,RB,1985,22,9.318181818181818,136.4090909090909
914,RB,1986,29,17.0,101.96551724137932
915,RB,1987,31,8.516129032258064,113.35483870967742
916,RB,1988,25,15.4,102.12
917,RB,1989,27,17.333333333333332,114.4074074074074
918,RB,1990,23,28.565217391304348,92.08695652173913
919,RB,1991,25,14.6,128.8
920,RB,1992,15,9.866666666666667,121.2
921,RB,1993,17,25.294117647058822,80.70588235294117
922,RB,1994,21,24.0,101.80952380952381
923,RB,1995,20,21.2,105.85
924,RB,1996,25,11.04,118.32
925,RB,1997,16,26.0625,83.0625
926,RB,1998,19,15.842105263157896,101.05263157894737
927,RB,1999,17,19.941176470588236,97.94117647058823
928,RB,2000,19,19.210526315789473,109.89473684210526
929,RB,2001,15,30.666666666666668,85.06666666666666
930,RB,2002,20,18.85,127.2
931,RB,2003,11,19.09090909090909,98.72727272727273
932,RB,2004,16,18.3125,136.875
933,RB,2005,18,20.77777777777778,106.5
934,RB,2006,16,22.4375,108.0
935,RB,2007,18,17.944444444444443,121.66666666666667
936,RB,2008,25,23.04,121.48
937,RB,2009,22,12.090909090909092,143.9090909090909
938,RB,2010,12,14.833333333333334,100.33333333333333
939,RB,2011,27,12.074074074074074,132.33333333333334
940,RB,2012,19,11.263157894736842,134.26315789473685
941,RB,2013,23,15.565217391304348,144.65217391304347
942,RB,2014,18,12.555555555555555,129.0
943,RB,2015,17,17.88235294117647,109.05882352941177
944,RB,2016,17,13.117647058823529,140.8235294117647
945,RB,2017,23,17.043478260869566,136.91304347826087
946,RB,2018,21,8.666666666666666,121.52380952380952
947,RB,2019,21,5.190476190476191,145.66666666666666
948,RB,2020,16,3.5625,94.6875
949,RG,2011,1,51.0,101.0
950,RILB,1972,1,30.0,31.0
951,RILB,1973,1,13.0,81.0
952,RILB,1977,1,42.0,132.0
953,RILB,1978,1,8.0,129.0
954,RILB,1979,3,21.333333333333332,123.66666666666667
955,RILB,1980,2,15.5,84.5
956,RILB,1981,3,24.666666666666668,105.0
957,RILB,1982,4,17.25,80.5
958,RILB,1983,1,27.0,250.0
959,RILB,1984,2,14.5,53.0
960,RILB,1985,1,11.0,24.0
961,RILB,1987,2,7.0,58.0
962,RILB,1988,1,10.0,57.0
963,RILB,1990,1,6.0,225.0
964,RILB,1991,1,24.0,249.0
965,RILB,1992,1,33.0,97.0
966,RILB,1995,1,6.0,96.0
967,RILB,1997,1,6.0,220.0
968,RILB,2000,1,31.0,86.0
969,RILB,2001,2,29.0,43.0
970,RILB,2002,1,4.0,69.0
971,RILB,2007,1,71.0,15.0
972,RLB,1959,1,13.0,95.0
973,RLB,1960,1,32.0,35.0
974,RLB,1963,1,14.0,30.0
975,RLB,1964,1,28.0,16.0
976,RLB,1966,1,26.0,57.0
977,RLB,1967,1,8.0,165.0
978,RLB,1968,3,14.0,133.66666666666666
979,RLB,1969,1,5.0,212.0
980,RLB,1970,2,28.0,155.0
981,RLB,1971,2,19.5,185.5
982,RLB,1972,3,16.666666666666668,136.0
983,RLB,1974,1,13.0,13.0
984,RLB,1975,1,17.0,69.0
985,RLB,1977,1,17.0,114.0
986,RLB,1979,1,7.0,38.0
987,RLB,1980,2,23.0,145.5
988,RLB,1981,1,57.0,5.0
989,RLB,1982,1,21.0,53.0
990,RLB,1984,1,33.0,36.0
991,RLB,1985,1,7.0,121.0
992,RLB,1989,1,17.0,45.0
993,RLB,1990,1,20.0,33.0
994,RLB,1991,1,10.0,62.0
995,RLB,1993,2,16.0,93.5
996,RLB,1994,2,8.5,84.5
997,RLB,1995,2,26.5,78.0
998,RLB,1996,1,8.0,188.0
999,RLB,1997,1,6.0,188.0
1000,ROLB,1974,1,16.0,72.0
1001,ROLB,1977,1,38.0,241.0
1002,ROLB,1979,1,13.0,241.0
1003,ROLB,1980,1,17.0,93.0
1004,ROLB,1981,1,57.0,156.0
1005,ROLB,1982,3,15.333333333333334,68.0
1006,ROLB,1983,1,7.0,201.0
1007,ROLB,1984,2,7.5,120.5
1008,ROLB,1985,1,8.0,160.0
1009,ROLB,1987,2,32.5,164.5
1010,ROLB,1988,1,5.0,28.0
1011,ROLB,1990,1,50.0,15.0
1012,ROLB,1996,1,19.0,53.0
1013,ROLB,1998,1,39.0,113.0
1014,ROLB,2000,2,12.0,69.5
1015,ROLB,2001,2,6.0,83.5
1016,ROLB,2002,4,10.5,82.75
1017,ROLB,2003,3,18.666666666666668,57.333333333333336
1018,ROLB,2004,1,17.0,97.0
1019,ROLB,2005,1,25.0,125.0
1020,ROLB,2008,1,38.0,167.0
1021,ROLB,2009,1,78.0,26.0
1022,ROLB,2011,2,18.0,132.5
1023,ROLB,2013,1,9.0,193.0
1024,RT,2011,2,43.5,54.5
1025,S,2010,2,0.0,129.0
1026,S,2012,3,3.0,180.33333333333334
1027,S,2013,2,11.5,111.5
1028,S,2015,1,0.0,144.0
1029,S,2016,3,15.0,147.33333333333334
1030,S,2017,5,13.0,124.0
1031,S,2018,7,7.285714285714286,109.28571428571429
1032,S,2019,19,4.631578947368421,113.0
1033,S,2020,21,2.142857142857143,139.0
1034,SE,1959,1,49.0,22.0
1035,SE,1960,2,55.5,84.0
1036,SE,1961,2,17.5,54.5
1037,SE,1962,1,21.0,11.0
1038,SE,1963,3,30.0,34.666666666666664
1039,SE,1964,3,49.333333333333336,68.0
1040,SE,1966,2,8.5,56.0
1041,SS,2011,2,0.0,174.5
1042,SS,2012,6,3.3333333333333335,156.16666666666666
1043,SS,2013,9,9.666666666666666,127.44444444444444
1044,SS,2014,8,8.5,116.625
1045,SS,2015,7,14.0,93.14285714285714
1046,SS,2016,7,9.0,132.85714285714286
1047,SS,2017,12,15.333333333333334,128.16666666666666
1048,SS,2018,5,13.6,112.6
1049,T,1951,1,32.0,34.0
1050,T,1952,1,0.0,104.0
1051,T,1953,4,18.25,45.75
1052,T,1954,1,9.0,70.0
1053,T,1955,3,26.0,52.333333333333336
1054,T,1956,4,57.5,41.25
1055,T,1957,4,40.0,53.75
1056,T,1958,4,15.5,39.5
1057,T,1959,7,47.285714285714285,26.285714285714285
1058,T,1960,4,55.75,41.5
1059,T,1961,14,31.928571428571427,52.5
1060,T,1962,6,12.0,47.166666666666664
1061,T,1963,8,46.375,30.375
1062,T,1964,8,22.125,65.5
1063,T,1965,10,29.2,55.8
1064,T,1966,15,12.866666666666667,53.06666666666667
1065,T,1967,10,33.9,109.0
1066,T,1968,14,40.0,66.5
1067,T,1969,12,33.666666666666664,74.08333333333333
1068,T,1970,9,7.666666666666667,84.11111111111111
1069,T,1971,12,35.75,70.5
1070,T,1972,10,21.8,75.3
1071,T,1973,15,28.333333333333332,114.86666666666666
1072,T,1974,12,32.916666666666664,101.41666666666667
1073,T,1975,11,25.90909090909091,91.81818181818181
1074,T,1976,12,29.666666666666668,95.58333333333333
1075,T,1977,18,31.11111111111111,100.55555555555556
1076,T,1978,17,25.352941176470587,100.17647058823529
1077,T,1979,10,30.5,114.5
1078,T,1980,14,30.0,103.57142857142857
1079,T,1981,13,25.23076923076923,98.61538461538461
1080,T,1982,13,22.846153846153847,120.76923076923077
1081,T,1983,18,24.333333333333332,111.27777777777777
1082,T,1984,13,19.615384615384617,116.61538461538461
1083,T,1985,15,24.666666666666668,101.73333333333333
1084,T,1986,16,13.125,133.3125
1085,T,1987,12,37.833333333333336,109.16666666666667
1086,T,1988,10,20.1,135.1
1087,T,1989,13,14.461538461538462,87.23076923076923
1088,T,1990,7,21.0,125.42857142857143
1089,T,1991,10,21.7,80.3
1090,T,1992,14,26.5,74.85714285714286
1091,T,1993,10,35.6,84.4
1092,T,1994,15,22.266666666666666,96.2
1093,T,1995,16,18.125,100.125
1094,T,1996,15,33.93333333333333,102.4
1095,T,1997,14,36.642857142857146,81.64285714285714
1096,T,1998,15,35.266666666666666,91.0
1097,T,1999,13,25.23076923076923,95.3076923076923
1098,T,2000,15,30.733333333333334,105.4
1099,T,2001,18,34.333333333333336,107.77777777777777
1100,T,2002,13,26.384615384615383,106.92307692307692
1101,T,2003,14,23.5,100.71428571428571
1102,T,2004,16,20.4375,126.375
1103,T,2005,19,26.63157894736842,121.89473684210526
1104,T,2006,20,32.3,114.65
1105,T,2007,16,25.875,119.3125
1106,T,2008,20,23.6,120.2
1107,T,2009,15,26.0,90.66666666666667
1108,T,2010,17,27.705882352941178,106.47058823529412
1109,T,2011,4,26.25,166.75
1110,T,2012,17,22.0,137.64705882352942
1111,T,2013,3,14.0,230.33333333333334
1112,T,2015,1,0.0,225.0
1113,T,2018,1,5.0,233.0
1114,TE,1960,5,27.8,31.8
1115,TE,1961,7,22.0,67.42857142857143
1116,TE,1962,2,4.5,114.0
1117,TE,1963,6,21.333333333333332,23.666666666666668
1118,TE,1964,9,10.777777777777779,49.44444444444444
1119,TE,1965,5,20.6,62.6
1120,TE,1966,7,15.428571428571429,58.142857142857146
1121,TE,1967,6,12.5,112.5
1122,TE,1968,5,11.0,111.2
1123,TE,1969,11,12.363636363636363,103.72727272727273
1124,TE,1970,9,17.444444444444443,74.22222222222223
1125,TE,1971,4,4.25,91.0
1126,TE,1972,6,20.166666666666668,77.66666666666667
1127,TE,1973,11,11.0,72.81818181818181
1128,TE,1974,10,17.9,85.3
1129,TE,1975,6,15.0,108.83333333333333
1130,TE,1976,7,13.285714285714286,102.57142857142857
1131,TE,1977,11,10.545454545454545,112.36363636363636
1132,TE,1978,10,21.5,108.7
1133,TE,1979,14,14.642857142857142,133.92857142857142
1134,TE,1980,5,11.4,79.6
1135,TE,1981,14,8.428571428571429,110.21428571428571
1136,TE,1982,13,12.692307692307692,124.84615384615384
1137,TE,1983,16,4.0625,124.625
1138,TE,1984,12,3.1666666666666665,112.58333333333333
1139,TE,1985,13,11.307692307692308,143.15384615384616
1140,TE,1986,9,9.0,157.44444444444446
1141,TE,1987,12,4.583333333333333,172.33333333333334
1142,TE,1988,15,6.0,136.26666666666668
1143,TE,1989,10,9.5,123.6
1144,TE,1990,12,14.833333333333334,130.25
1145,TE,1991,10,8.4,152.2
1146,TE,1992,15,5.133333333333334,126.86666666666666
1147,TE,1993,13,10.0,117.23076923076923
1148,TE,1994,13,2.6153846153846154,142.53846153846155
1149,TE,1995,15,12.133333333333333,98.86666666666666
1150,TE,1996,15,5.733333333333333,136.0
1151,TE,1997,14,13.571428571428571,113.07142857142857
1152,TE,1998,11,6.454545454545454,111.18181818181819
1153,TE,1999,13,8.615384615384615,152.69230769230768
1154,TE,2000,12,5.166666666666667,132.75
1155,TE,2001,12,10.916666666666666,133.5
1156,TE,2002,21,9.571428571428571,133.28571428571428
1157,TE,2003,12,17.416666666666668,110.25
1158,TE,2004,14,10.142857142857142,127.28571428571429
1159,TE,2005,8,11.875,150.625
1160,TE,2006,14,17.214285714285715,102.35714285714286
1161,TE,2007,11,15.909090909090908,141.63636363636363
1162,TE,2008,14,11.785714285714286,109.0
1163,TE,2009,17,6.588235294117647,157.76470588235293
1164,TE,2010,18,14.444444444444445,141.16666666666666
1165,TE,2011,11,12.272727272727273,124.27272727272727
1166,TE,2012,12,4.5,140.91666666666666
1167,TE,2013,16,13.6875,135.375
1168,TE,2014,10,6.4,101.3
1169,TE,2015,17,5.705882352941177,164.11764705882354
1170,TE,2016,9,7.888888888888889,136.0
1171,TE,2017,13,7.384615384615385,108.23076923076923
1172,TE,2018,14,7.0,118.71428571428571
1173,TE,2019,15,2.533333333333333,115.8
1174,TE,2020,12,0.5,131.91666666666666
1175,WB,1970,1,5.0,232.0
1176,WR,1960,2,35.0,78.0
1177,WR,1961,1,1.0,71.0
1178,WR,1962,8,4.375,74.875
1179,WR,1963,1,46.0,53.0
1180,WR,1964,5,41.0,48.6
1181,WR,1965,10,52.7,40.5
1182,WR,1966,8,13.5,82.5
1183,WR,1967,15,14.0,110.66666666666667
1184,WR,1968,23,6.913043478260869,98.0
1185,WR,1969,16,21.375,93.0625
1186,WR,1970,18,13.38888888888889,109.0
1187,WR,1971,19,24.57894736842105,110.73684210526316
1188,WR,1972,17,14.294117647058824,105.94117647058823
1189,WR,1973,21,10.523809523809524,102.66666666666667
1190,WR,1974,20,23.35,103.85
1191,WR,1975,15,17.133333333333333,109.13333333333334
1192,WR,1976,27,19.814814814814813,124.55555555555556
1193,WR,1977,18,17.444444444444443,109.22222222222223
1194,WR,1978,27,15.0,114.74074074074075
1195,WR,1979,17,14.352941176470589,113.11764705882354
1196,WR,1980,20,16.95,125.8
1197,WR,1981,21,11.904761904761905,110.47619047619048
1198,WR,1982,14,17.357142857142858,71.64285714285714
1199,WR,1983,27,15.296296296296296,117.14814814814815
1200,WR,1984,18,15.444444444444445,102.11111111111111
1201,WR,1985,30,22.9,119.5
1202,WR,1986,25,17.64,118.0
1203,WR,1987,23,14.565217391304348,103.8695652173913
1204,WR,1988,20,37.1,83.35
1205,WR,1989,23,14.0,99.3913043478261
1206,WR,1990,26,13.923076923076923,132.23076923076923
1207,WR,1991,27,24.925925925925927,107.14814814814815
1208,WR,1992,18,17.27777777777778,126.22222222222223
1209,WR,1993,25,15.88,116.32
1210,WR,1994,24,20.5,84.33333333333333
1211,WR,1995,20,17.3,126.15
1212,WR,1996,28,32.214285714285715,105.35714285714286
1213,WR,1997,20,14.9,110.9
1214,WR,1998,26,20.153846153846153,104.07692307692308
1215,WR,1999,25,18.72,121.52
1216,WR,2000,28,16.678571428571427,99.46428571428571
1217,WR,2001,28,25.392857142857142,113.32142857142857
1218,WR,2002,26,15.846153846153847,124.3076923076923
1219,WR,2003,30,16.9,135.7
1220,WR,2004,29,17.482758620689655,106.6896551724138
1221,WR,2005,26,14.153846153846153,105.61538461538461
1222,WR,2006,25,15.84,135.36
1223,WR,2007,33,14.454545454545455,117.18181818181819
1224,WR,2008,31,14.548387096774194,118.96774193548387
1225,WR,2009,31,17.580645161290324,113.35483870967742
1226,WR,2010,30,19.366666666666667,131.6
1227,WR,2011,26,16.0,118.65384615384616
1228,WR,2012,33,12.606060606060606,120.06060606060606
1229,WR,2013,25,15.28,119.6
1230,WR,2014,34,16.676470588235293,113.23529411764706
1231,WR,2015,30,12.133333333333333,111.66666666666667
1232,WR,2016,27,10.62962962962963,129.59259259259258
1233,WR,2017,31,8.612903225806452,125.06451612903226
1234,WR,2018,30,7.533333333333333,138.5
1235,WR,2019,25,7.08,121.0
1236,WR,2020,34,3.0294117647058822,118.17647058823529
